"{'companyName': '100 КОТЛОВ', 'information': '100 Котлов - сеть магазинов отопительной и водонагревательной техники. На рынке Украины компания ... Читать подробнее', 'city': 'Киев'}"
"{'companyName': '250 Вт', 'information': 'Мы профессионально занимаемся внедрением потолочного лучистого отопления для жилых, коммерческих и ... Читать подробнее', 'city': 'Полтава'}"
"{'companyName': '63 Котельно-Сварочный Завод', 'information': 'Производит: - Котлы водогрейные теплопроизводительностью от 0,25 до 3,0 МВт паровые ... Читать подробнее', 'city': 'Ивано-Франковск'}"
"{'companyName': 'Abi-Therm', 'information': 'Отопительное оборудование (котлы, колонки), водонагревательное оборудование (бойлера ), ... Читать подробнее', 'city': 'Одесса'}"
"{'companyName': 'AceMaster', 'information': 'Инновационные отопительные решения со 100% возвратом инвестиций: Создаем энергоэффективные системы ... Читать подробнее', 'city': 'Київ'}"
"{'companyName': 'ACV', 'information': 'В основе новой концепции ACV лежит конструкция емкостного водонагревателя, где бак для ... Читать подробнее', 'city': 'Киев'}"
"{'companyName': 'AGROMIX', 'information': 'Твердопаливні котли, каміни, буржуйки, KAVMET,  SAS, елементи для опалення будинку. Читать подробнее', 'city': 'Львов'}"
"{'companyName': 'AIRCLIM ( ЭйрКлим Украина)', 'information': 'Официальный поставщик оборудования Frico (Швеция): 1. Тепловые завесы. Расход:от 400 до 18000 ... Читать подробнее', 'city': 'Киев'}"
"{'companyName': 'Aista', 'information': 'Котлы на любом виде твердого топлива и биомассе Читать подробнее', 'city': 'Одесса'}"
"{'companyName': 'AkvaBazar', 'information': 'Сантехника, отопительное оборудование, ванны, унитазы, смесители - все от именитых производителей и ... Читать подробнее', 'city': 'Киев'}"
"{'companyName': 'ALBO', 'information': 'Предприятие производит монтаж систем отопления и вентиляции воздуха, а также систем водоснабжения, Читать подробнее', 'city': 'Днепр'}"
"{'companyName': 'ALPES', 'information': 'Компания ALPES работает на рынке с 1996 года. Высококвалифицированные сотрудники спроектируют и ... Читать подробнее', 'city': 'Симферополь'}"
"{'companyName': 'AltTeh', 'information': 'Главной нашей задачей является создание систем отопления, которые приносили бы максимальный ... Читать подробнее', 'city': 'Черкассы'}"
"{'companyName': 'AOM', 'information': 'Альтернативные системы отопления. Твердое топливо. Солнечные установки. Рекуперация. Микросфера для ... Читать подробнее', 'city': 'Львов'}"
"{'companyName': 'APG', 'information': 'Компания APG - это союз специалистов, которые объединились для того, чтобы предоставить Вам ... Читать подробнее', 'city': 'Киев'}"
"{'companyName': 'Aqua Planet Company', 'information': 'Цель нашей работы — предоставить своим покупателям максимальный выбор товаров. Мы предлагаем Вам ... Читать подробнее', 'city': 'Черновцы'}"
"{'companyName': 'Aqua Systems', 'information': 'Компания занимается изготовлением теплоаккумуляторов под торговой маркой Aqua Systems. ... Читать подробнее', 'city': 'Коростень'}"
"{'companyName': 'AQUA-WORLD', 'information': 'Магазин сантехники ""Aqua-World"". Основным профилем работы является торговля сантехническим ... Читать подробнее', 'city': 'Черновцы'}"
"{'companyName': 'aquatherm-Ukraine (Акватерм-Украина)', 'information': 'Официальное представительство компании aquatherm GmbH (Германия) в Украине. Армированные ... Читать подробнее', 'city': 'Львов'}"
"{'companyName': 'ARBONIA', 'information': 'Дизайн-радиаторы ARBONIA (размеры: от 7см до 300 см в высоту, в ширину до 8 метров, искривления ... Читать подробнее', 'city': 'Киев'}"
